File,ROI_1,POWER_1,DETECTED_1,ROI_2,POWER_2,DETECTED_2
./raw_processed_data_train/EPILEPSY_16.ts,0.00383205792787975,0.00693867487144482,1,6.08959627822659e-05,8.61561578304892e-05,0
./raw_processed_data_train/EPILEPSY_1.ts,0.0152847145740145,0.00606973317624275,1,0.00767213037492829,0.00369403113584994,1
./raw_processed_data_test/EPILEPSY_10.ts,0.000595627301835584,0.000734823122537525,0,0.000519283263082872,0.000797766374479197,0
./raw_processed_data_test/SAWING_7.ts,0.00165805169026641,0.0013550320015909,1,0.00142888723310325,0.00128774662942392,1
./raw_processed_data_test/SAWING_5.ts,0.00281780873621763,0.00166276820545486,1,0.001096701996684,0.000704023960963648,0
