File,ROI_1,POWER_1,DETECTED_1,ROI_2,POWER_2,DETECTED_2
./raw_processed_data_train/EPILEPSY_16.ts,0.00383205792787975,0.00693867487144482,1,6.08959627822659e-05,8.61561578304892e-05,0
./raw_processed_data_train/EPILEPSY_1.ts,0.0152847145740145,0.00606973317624275,1,0.00767213037492829,0.00369403113584994,1
